IP地址,数据中心,地区,城市,网络延迟
104.20.20.242,HKG,Asia Pacific,Hong Kong,126 ms
104.20.21.57,HKG,Asia Pacific,Hong Kong,127 ms
104.20.16.252,HKG,Asia Pacific,Hong Kong,129 ms
104.26.0.117,HKG,Asia Pacific,Hong Kong,130 ms
104.26.4.164,HKG,Asia Pacific,Hong Kong,131 ms
104.20.25.0,HKG,Asia Pacific,Hong Kong,135 ms
104.20.24.91,HKG,Asia Pacific,Hong Kong,140 ms
104.20.28.181,HKG,Asia Pacific,Hong Kong,143 ms
104.20.26.88,HKG,Asia Pacific,Hong Kong,148 ms
104.17.16.17,SJC,North America,San Jose,154 ms
104.16.26.65,SJC,North America,San Jose,154 ms
104.17.87.34,SJC,North America,San Jose,154 ms
104.17.238.246,SJC,North America,San Jose,154 ms
104.18.153.159,SJC,North America,San Jose,155 ms
104.17.192.26,SJC,North America,San Jose,155 ms
104.17.144.181,SJC,North America,San Jose,155 ms
104.21.226.216,SJC,North America,San Jose,156 ms
104.18.215.168,SJC,North America,San Jose,156 ms
104.17.180.165,SJC,North America,San Jose,156 ms
104.17.179.60,SJC,North America,San Jose,156 ms
104.18.98.36,SJC,North America,San Jose,156 ms
104.16.35.141,SJC,North America,San Jose,157 ms
104.21.236.248,SJC,North America,San Jose,157 ms
104.19.235.195,SJC,North America,San Jose,157 ms
104.16.143.96,SJC,North America,San Jose,157 ms
104.18.100.173,SJC,North America,San Jose,157 ms
104.19.177.89,SJC,North America,San Jose,157 ms
104.17.64.199,SJC,North America,San Jose,157 ms
104.17.90.89,SJC,North America,San Jose,157 ms
104.17.83.97,SJC,North America,San Jose,157 ms
104.19.240.60,SJC,North America,San Jose,157 ms
104.16.20.205,SJC,North America,San Jose,157 ms
104.18.97.118,SJC,North America,San Jose,158 ms
104.18.119.12,SJC,North America,San Jose,158 ms
104.18.255.182,SJC,North America,San Jose,158 ms
104.18.79.197,SJC,North America,San Jose,158 ms
104.17.71.43,SJC,North America,San Jose,158 ms
104.18.89.133,SJC,North America,San Jose,158 ms
104.17.25.211,SJC,North America,San Jose,158 ms
104.16.131.54,SJC,North America,San Jose,158 ms
104.17.167.140,SJC,North America,San Jose,158 ms
104.18.93.141,SJC,North America,San Jose,158 ms
104.16.124.111,SJC,North America,San Jose,158 ms
104.16.130.128,SJC,North America,San Jose,158 ms
104.16.225.118,SJC,North America,San Jose,158 ms
104.21.225.194,SJC,North America,San Jose,158 ms
104.18.82.28,SJC,North America,San Jose,158 ms
104.17.227.246,SJC,North America,San Jose,158 ms
104.16.38.5,SJC,North America,San Jose,158 ms
104.18.203.28,SJC,North America,San Jose,159 ms
104.16.209.210,SJC,North America,San Jose,159 ms
104.16.210.98,SJC,North America,San Jose,159 ms
104.19.158.127,SJC,North America,San Jose,159 ms
104.19.156.115,SJC,North America,San Jose,159 ms
104.19.226.7,SJC,North America,San Jose,159 ms
104.16.194.199,SJC,North America,San Jose,159 ms
104.17.67.82,SJC,North America,San Jose,159 ms
104.17.113.126,SJC,North America,San Jose,159 ms
104.18.253.140,SJC,North America,San Jose,159 ms
104.18.250.33,SJC,North America,San Jose,159 ms
104.17.52.136,SJC,North America,San Jose,159 ms
104.18.131.164,SJC,North America,San Jose,159 ms
104.21.235.198,SJC,North America,San Jose,159 ms
104.17.233.189,SJC,North America,San Jose,159 ms
104.19.238.91,SJC,North America,San Jose,159 ms
104.16.181.218,SJC,North America,San Jose,160 ms
104.16.215.9,SJC,North America,San Jose,160 ms
104.16.226.68,SJC,North America,San Jose,160 ms
104.18.73.12,SJC,North America,San Jose,160 ms
104.16.144.192,SJC,North America,San Jose,160 ms
104.19.247.236,SJC,North America,San Jose,160 ms
104.19.189.32,SJC,North America,San Jose,160 ms
104.18.213.226,SJC,North America,San Jose,160 ms
104.17.160.72,SJC,North America,San Jose,160 ms
104.16.172.225,SJC,North America,San Jose,160 ms
104.17.80.192,SJC,North America,San Jose,160 ms
104.17.62.113,SJC,North America,San Jose,160 ms
104.17.68.207,SJC,North America,San Jose,160 ms
104.18.84.206,SJC,North America,San Jose,160 ms
104.17.237.198,SJC,North America,San Jose,160 ms
104.17.94.79,SJC,North America,San Jose,160 ms
104.16.25.37,SJC,North America,San Jose,160 ms
104.19.253.132,SJC,North America,San Jose,160 ms
104.17.81.99,SJC,North America,San Jose,160 ms
104.17.151.231,SJC,North America,San Jose,161 ms
104.16.178.1,SJC,North America,San Jose,161 ms
104.19.146.210,SJC,North America,San Jose,161 ms
104.16.129.58,SJC,North America,San Jose,161 ms
104.16.173.42,SJC,North America,San Jose,161 ms
104.16.31.164,SJC,North America,San Jose,161 ms
104.18.134.221,SJC,North America,San Jose,161 ms
104.18.83.38,SJC,North America,San Jose,161 ms
104.17.114.99,SJC,North America,San Jose,161 ms
104.17.78.99,SJC,North America,San Jose,161 ms
104.19.167.93,SJC,North America,San Jose,161 ms
104.17.219.231,SJC,North America,San Jose,161 ms
104.18.126.100,SJC,North America,San Jose,161 ms
104.18.249.17,SJC,North America,San Jose,161 ms
104.18.111.105,SJC,North America,San Jose,161 ms
104.19.245.242,SJC,North America,San Jose,161 ms
104.16.41.230,SJC,North America,San Jose,161 ms
104.17.146.117,SJC,North America,San Jose,161 ms
104.16.127.155,SJC,North America,San Jose,161 ms
104.17.221.57,SJC,North America,San Jose,161 ms
104.16.228.241,SJC,North America,San Jose,161 ms
104.16.241.67,SJC,North America,San Jose,161 ms
104.16.19.182,SJC,North America,San Jose,162 ms
104.16.153.62,SJC,North America,San Jose,162 ms
104.17.61.62,SJC,North America,San Jose,162 ms
104.18.227.66,SJC,North America,San Jose,162 ms
104.16.22.115,SJC,North America,San Jose,162 ms
104.18.64.190,SJC,North America,San Jose,162 ms
104.17.112.63,SJC,North America,San Jose,162 ms
104.17.125.189,SJC,North America,San Jose,162 ms
104.21.224.21,SJC,North America,San Jose,162 ms
104.18.136.60,SJC,North America,San Jose,162 ms
104.16.202.35,SJC,North America,San Jose,162 ms
104.18.248.119,SJC,North America,San Jose,162 ms
104.18.224.67,SJC,North America,San Jose,162 ms
104.17.150.81,SJC,North America,San Jose,162 ms
104.18.183.6,SJC,North America,San Jose,162 ms
104.17.174.224,SJC,North America,San Jose,162 ms
104.16.191.219,SJC,North America,San Jose,163 ms
104.19.162.94,SJC,North America,San Jose,163 ms
104.19.161.152,SJC,North America,San Jose,163 ms
104.16.37.109,SJC,North America,San Jose,163 ms
104.16.245.172,SJC,North America,San Jose,163 ms
104.17.134.167,SJC,North America,San Jose,163 ms
104.16.141.78,SJC,North America,San Jose,163 ms
104.18.140.35,SJC,North America,San Jose,163 ms
104.18.168.204,SJC,North America,San Jose,163 ms
104.16.140.114,SJC,North America,San Jose,163 ms
104.17.217.212,SJC,North America,San Jose,163 ms
104.19.160.195,SJC,North America,San Jose,163 ms
104.19.173.6,SJC,North America,San Jose,163 ms
104.17.129.64,SJC,North America,San Jose,164 ms
104.16.234.71,SJC,North America,San Jose,164 ms
104.16.231.226,SJC,North America,San Jose,164 ms
104.18.116.241,SJC,North America,San Jose,164 ms
104.16.167.245,SJC,North America,San Jose,164 ms
104.16.240.52,SJC,North America,San Jose,164 ms
104.17.170.67,SJC,North America,San Jose,164 ms
172.64.79.143,SJC,North America,San Jose,164 ms
104.16.142.4,SJC,North America,San Jose,164 ms
104.17.75.55,SJC,North America,San Jose,164 ms
104.17.76.97,SJC,North America,San Jose,164 ms
104.16.128.110,SJC,North America,San Jose,164 ms
104.19.163.76,SJC,North America,San Jose,164 ms
104.18.143.53,SJC,North America,San Jose,164 ms
104.16.235.242,SJC,North America,San Jose,164 ms
104.17.157.124,SJC,North America,San Jose,164 ms
104.17.204.200,SJC,North America,San Jose,164 ms
104.16.186.117,SJC,North America,San Jose,164 ms
104.16.243.91,SJC,North America,San Jose,164 ms
104.18.163.237,SJC,North America,San Jose,164 ms
104.17.250.85,SJC,North America,San Jose,164 ms
104.18.130.12,SJC,North America,San Jose,164 ms
104.16.139.163,SJC,North America,San Jose,164 ms
104.17.74.161,SJC,North America,San Jose,164 ms
104.19.239.113,SJC,North America,San Jose,164 ms
104.16.187.222,SJC,North America,San Jose,165 ms
104.16.148.127,SJC,North America,San Jose,165 ms
104.18.137.187,SJC,North America,San Jose,165 ms
104.21.232.156,SJC,North America,San Jose,165 ms
104.17.155.223,SJC,North America,San Jose,165 ms
104.17.57.184,SJC,North America,San Jose,165 ms
104.19.230.74,SJC,North America,San Jose,165 ms
104.19.154.173,SJC,North America,San Jose,165 ms
104.18.237.215,SJC,North America,San Jose,165 ms
104.16.157.221,SJC,North America,San Jose,165 ms
104.16.137.225,SJC,North America,San Jose,165 ms
104.17.182.220,SJC,North America,San Jose,165 ms
104.19.153.209,SJC,North America,San Jose,165 ms
104.16.27.123,SJC,North America,San Jose,165 ms
104.17.122.255,SJC,North America,San Jose,165 ms
104.18.117.165,SJC,North America,San Jose,165 ms
104.18.225.179,SJC,North America,San Jose,165 ms
104.17.123.75,SJC,North America,San Jose,165 ms
104.17.128.249,SJC,North America,San Jose,165 ms
104.19.148.252,SJC,North America,San Jose,165 ms
104.17.14.149,SJC,North America,San Jose,165 ms
104.17.189.125,SJC,North America,San Jose,166 ms
104.17.188.19,SJC,North America,San Jose,166 ms
104.16.136.20,SJC,North America,San Jose,166 ms
104.19.150.147,SJC,North America,San Jose,166 ms
104.16.28.143,SJC,North America,San Jose,166 ms
104.16.230.49,SJC,North America,San Jose,166 ms
104.16.208.236,SJC,North America,San Jose,166 ms
104.18.123.14,SJC,North America,San Jose,166 ms
104.18.95.143,SJC,North America,San Jose,166 ms
104.17.216.238,SJC,North America,San Jose,166 ms
104.19.166.32,SJC,North America,San Jose,166 ms
104.16.190.213,SJC,North America,San Jose,166 ms
104.18.132.222,SJC,North America,San Jose,166 ms
104.19.144.164,SJC,North America,San Jose,166 ms
104.17.199.36,SJC,North America,San Jose,166 ms
104.17.5.119,SJC,North America,San Jose,166 ms
104.18.104.159,SJC,North America,San Jose,166 ms
104.17.72.223,SJC,North America,San Jose,166 ms
104.17.73.207,SJC,North America,San Jose,166 ms
104.17.116.216,SJC,North America,San Jose,166 ms
104.18.171.163,SJC,North America,San Jose,166 ms
104.19.147.149,SJC,North America,San Jose,166 ms
104.17.40.70,SJC,North America,San Jose,166 ms
104.18.198.180,SJC,North America,San Jose,167 ms
104.21.230.59,SJC,North America,San Jose,167 ms
104.16.220.117,SJC,North America,San Jose,167 ms
104.17.45.144,SJC,North America,San Jose,167 ms
104.16.30.157,SJC,North America,San Jose,167 ms
104.17.121.66,SJC,North America,San Jose,167 ms
104.19.149.176,SJC,North America,San Jose,167 ms
104.16.134.70,SJC,North America,San Jose,167 ms
104.18.88.246,SJC,North America,San Jose,167 ms
104.17.93.217,SJC,North America,San Jose,167 ms
104.18.78.217,SJC,North America,San Jose,167 ms
104.16.242.236,SJC,North America,San Jose,167 ms
104.19.180.52,SJC,North America,San Jose,167 ms
104.16.224.57,SJC,North America,San Jose,167 ms
104.18.103.229,SJC,North America,San Jose,167 ms
104.16.138.108,SJC,North America,San Jose,167 ms
104.16.16.25,SJC,North America,San Jose,167 ms
104.17.190.233,SJC,North America,San Jose,167 ms
104.17.214.193,SJC,North America,San Jose,167 ms
104.17.142.251,SJC,North America,San Jose,167 ms
104.18.65.84,SJC,North America,San Jose,167 ms
104.19.231.206,SJC,North America,San Jose,167 ms
104.18.118.246,SJC,North America,San Jose,167 ms
104.19.252.166,SJC,North America,San Jose,167 ms
104.18.125.64,SJC,North America,San Jose,168 ms
104.18.205.240,SJC,North America,San Jose,168 ms
104.16.174.1,SJC,North America,San Jose,168 ms
104.17.120.74,SJC,North America,San Jose,168 ms
104.17.111.108,SJC,North America,San Jose,168 ms
104.19.191.14,SJC,North America,San Jose,168 ms
104.17.23.112,SJC,North America,San Jose,168 ms
104.17.69.146,SJC,North America,San Jose,168 ms
104.16.211.9,SJC,North America,San Jose,168 ms
104.18.223.190,SJC,North America,San Jose,168 ms
104.17.26.236,SJC,North America,San Jose,168 ms
104.17.43.103,SJC,North America,San Jose,168 ms
104.18.221.130,SJC,North America,San Jose,168 ms
104.16.222.179,SJC,North America,San Jose,168 ms
104.19.178.128,SJC,North America,San Jose,168 ms
104.19.172.63,SJC,North America,San Jose,168 ms
104.17.17.52,SJC,North America,San Jose,168 ms
104.16.192.190,SJC,North America,San Jose,168 ms
104.16.200.153,SJC,North America,San Jose,169 ms
104.17.108.163,SJC,North America,San Jose,169 ms
104.16.207.5,SJC,North America,San Jose,169 ms
104.17.117.203,SJC,North America,San Jose,169 ms
104.16.249.136,SJC,North America,San Jose,169 ms
104.16.216.187,SJC,North America,San Jose,169 ms
104.18.74.177,SJC,North America,San Jose,169 ms
104.16.135.65,SJC,North America,San Jose,169 ms
104.18.204.189,SJC,North America,San Jose,169 ms
104.18.150.125,SJC,North America,San Jose,169 ms
104.19.228.78,SJC,North America,San Jose,170 ms
104.19.184.144,SJC,North America,San Jose,170 ms
104.19.164.164,SJC,North America,San Jose,170 ms
104.16.199.55,SJC,North America,San Jose,170 ms
104.17.177.69,SJC,North America,San Jose,170 ms
104.17.127.143,SJC,North America,San Jose,170 ms
104.18.69.94,SJC,North America,San Jose,170 ms
104.16.46.90,SJC,North America,San Jose,170 ms
104.18.195.36,SJC,North America,San Jose,170 ms
104.17.44.205,SJC,North America,San Jose,170 ms
104.17.10.109,SJC,North America,San Jose,170 ms
104.16.159.216,SJC,North America,San Jose,170 ms
104.17.215.245,SJC,North America,San Jose,170 ms
104.19.246.136,SJC,North America,San Jose,170 ms
104.16.152.119,SJC,North America,San Jose,170 ms
104.19.171.173,SJC,North America,San Jose,170 ms
104.17.42.119,SJC,North America,San Jose,171 ms
104.17.28.4,SJC,North America,San Jose,171 ms
104.17.37.92,SJC,North America,San Jose,171 ms
104.19.244.20,SJC,North America,San Jose,171 ms
104.19.165.38,SJC,North America,San Jose,171 ms
104.17.176.216,SJC,North America,San Jose,171 ms
104.18.177.165,SJC,North America,San Jose,171 ms
104.16.166.209,SJC,North America,San Jose,171 ms
104.16.244.124,SJC,North America,San Jose,171 ms
104.17.212.90,SJC,North America,San Jose,171 ms
104.18.181.182,SJC,North America,San Jose,171 ms
104.16.17.197,SJC,North America,San Jose,171 ms
104.16.175.227,SJC,North America,San Jose,171 ms
104.18.164.185,SJC,North America,San Jose,171 ms
104.19.170.215,SJC,North America,San Jose,171 ms
104.18.120.220,SJC,North America,San Jose,172 ms
104.19.187.156,SJC,North America,San Jose,172 ms
104.19.176.83,SJC,North America,San Jose,172 ms
104.18.135.136,SJC,North America,San Jose,172 ms
104.17.234.86,SJC,North America,San Jose,172 ms
104.19.233.31,SJC,North America,San Jose,172 ms
104.18.242.159,SJC,North America,San Jose,172 ms
104.18.129.199,SJC,North America,San Jose,172 ms
104.18.194.64,SJC,North America,San Jose,173 ms
104.18.107.228,SJC,North America,San Jose,173 ms
104.18.115.241,SJC,North America,San Jose,173 ms
104.16.238.172,SJC,North America,San Jose,173 ms
104.17.24.89,SJC,North America,San Jose,173 ms
104.17.226.197,SJC,North America,San Jose,173 ms
104.17.156.172,SJC,North America,San Jose,173 ms
104.17.187.214,LAX,North America,Los Angeles,173 ms
104.17.89.68,LAX,North America,Los Angeles,173 ms
104.17.140.249,SJC,North America,San Jose,174 ms
104.17.66.187,SJC,North America,San Jose,174 ms
104.17.171.63,SJC,North America,San Jose,174 ms
104.16.58.0,SJC,North America,San Jose,174 ms
104.17.169.108,SJC,North America,San Jose,174 ms
104.17.196.17,SJC,North America,San Jose,174 ms
104.16.29.239,SJC,North America,San Jose,174 ms
104.16.151.26,SJC,North America,San Jose,175 ms
104.17.84.61,SJC,North America,San Jose,175 ms
104.16.147.71,SJC,North America,San Jose,175 ms
104.17.141.42,SJC,North America,San Jose,175 ms
104.18.86.23,LAX,North America,Los Angeles,175 ms
104.17.15.252,LAX,North America,Los Angeles,175 ms
104.18.254.158,SJC,North America,San Jose,175 ms
104.17.235.0,SJC,North America,San Jose,175 ms
104.18.142.29,SJC,North America,San Jose,175 ms
104.19.175.97,SJC,North America,San Jose,175 ms
104.17.92.162,SJC,North America,San Jose,175 ms
104.17.41.217,SJC,North America,San Jose,175 ms
104.16.171.12,SJC,North America,San Jose,176 ms
104.17.60.57,SJC,North America,San Jose,176 ms
104.18.133.221,SJC,North America,San Jose,176 ms
104.17.231.57,SJC,North America,San Jose,176 ms
104.18.239.18,SJC,North America,San Jose,176 ms
104.16.179.28,SJC,North America,San Jose,176 ms
104.16.223.14,SJC,North America,San Jose,176 ms
104.17.82.24,SJC,North America,San Jose,176 ms
104.16.56.99,SJC,North America,San Jose,177 ms
104.17.2.67,SJC,North America,San Jose,177 ms
104.16.61.204,SJC,North America,San Jose,177 ms
104.17.39.215,SJC,North America,San Jose,177 ms
104.17.229.213,SJC,North America,San Jose,177 ms
104.19.181.143,LAX,North America,Los Angeles,177 ms
104.17.0.160,SJC,North America,San Jose,178 ms
104.19.194.141,LAX,North America,Los Angeles,178 ms
104.16.155.99,LAX,North America,Los Angeles,178 ms
104.17.31.49,SJC,North America,San Jose,178 ms
104.17.246.24,LAX,North America,Los Angeles,178 ms
104.17.132.8,SJC,North America,San Jose,178 ms
104.19.185.37,SJC,North America,San Jose,178 ms
104.17.58.149,SJC,North America,San Jose,179 ms
104.16.250.30,SJC,North America,San Jose,179 ms
104.18.71.229,SJC,North America,San Jose,179 ms
104.17.104.182,SJC,North America,San Jose,179 ms
104.19.190.164,SJC,North America,San Jose,179 ms
104.17.154.172,SJC,North America,San Jose,179 ms
104.16.70.174,SJC,North America,San Jose,180 ms
104.16.126.185,LAX,North America,Los Angeles,180 ms
104.16.24.123,SJC,North America,San Jose,180 ms
104.24.171.158,LAX,North America,Los Angeles,180 ms
104.16.219.96,LAX,North America,Los Angeles,180 ms
104.17.162.3,SJC,North America,San Jose,180 ms
104.16.68.119,SJC,North America,San Jose,180 ms
104.16.67.11,SJC,North America,San Jose,180 ms
104.17.65.142,SJC,North America,San Jose,180 ms
104.18.122.49,SJC,North America,San Jose,180 ms
104.18.91.240,SJC,North America,San Jose,180 ms
104.17.137.231,LAX,North America,Los Angeles,181 ms
104.17.139.214,SJC,North America,San Jose,181 ms
104.16.154.64,LAX,North America,Los Angeles,181 ms
104.18.232.214,SJC,North America,San Jose,181 ms
104.18.92.141,SJC,North America,San Jose,181 ms
104.18.158.160,SJC,North America,San Jose,181 ms
104.17.245.221,SJC,North America,San Jose,181 ms
104.17.152.12,LAX,North America,Los Angeles,181 ms
104.17.208.51,SJC,North America,San Jose,181 ms
104.17.159.36,LAX,North America,Los Angeles,181 ms
104.27.92.28,LAX,North America,Los Angeles,181 ms
104.19.113.237,LAX,North America,Los Angeles,181 ms
104.20.7.136,LAX,North America,Los Angeles,181 ms
104.17.91.5,SJC,North America,San Jose,182 ms
104.16.55.170,SJC,North America,San Jose,182 ms
104.17.244.20,SJC,North America,San Jose,182 ms
104.16.176.28,SJC,North America,San Jose,182 ms
104.18.109.4,LAX,North America,Los Angeles,182 ms
104.18.200.63,SJC,North America,San Jose,182 ms
104.17.249.48,SJC,North America,San Jose,182 ms
104.17.193.0,SJC,North America,San Jose,182 ms
104.19.61.94,LAX,North America,Los Angeles,182 ms
104.17.103.182,SJC,North America,San Jose,182 ms
104.25.64.110,LAX,North America,Los Angeles,182 ms
104.16.248.99,SJC,North America,San Jose,182 ms
104.17.223.106,SJC,North America,San Jose,182 ms
104.18.66.65,SJC,North America,San Jose,182 ms
104.19.125.87,LAX,North America,Los Angeles,182 ms
104.19.75.70,LAX,North America,Los Angeles,182 ms
104.17.138.3,LAX,North America,Los Angeles,182 ms
104.18.161.30,SJC,North America,San Jose,182 ms
104.16.69.167,SJC,North America,San Jose,182 ms
104.17.163.227,SJC,North America,San Jose,183 ms
104.17.77.13,SJC,North America,San Jose,183 ms
104.18.105.56,SJC,North America,San Jose,183 ms
104.17.47.147,SJC,North America,San Jose,183 ms
104.18.138.74,SJC,North America,San Jose,183 ms
104.18.186.115,LAX,North America,Los Angeles,183 ms
104.20.109.176,LAX,North America,Los Angeles,183 ms
104.17.195.102,SJC,North America,San Jose,183 ms
104.19.229.23,SJC,North America,San Jose,183 ms
104.20.247.254,LAX,North America,Los Angeles,183 ms
104.18.196.55,SJC,North America,San Jose,183 ms
104.16.77.240,SJC,North America,San Jose,183 ms
104.16.47.95,SJC,North America,San Jose,184 ms
104.17.100.50,SJC,North America,San Jose,184 ms
104.16.196.52,SJC,North America,San Jose,184 ms
104.20.138.129,LAX,North America,Los Angeles,184 ms
104.16.60.45,SJC,North America,San Jose,184 ms
104.19.221.40,SJC,North America,San Jose,184 ms
104.19.223.56,SJC,North America,San Jose,184 ms
104.18.220.183,LAX,North America,Los Angeles,184 ms
104.18.236.53,SJC,North America,San Jose,184 ms
104.17.53.88,LAX,North America,Los Angeles,184 ms
104.17.6.165,SJC,North America,San Jose,184 ms
104.16.83.173,SJC,North America,San Jose,184 ms
104.18.216.27,SJC,North America,San Jose,184 ms
104.18.128.84,LAX,North America,Los Angeles,184 ms
104.16.182.214,LAX,North America,Los Angeles,184 ms
104.17.243.62,SJC,North America,San Jose,184 ms
104.17.21.191,LAX,North America,Los Angeles,184 ms
104.17.178.60,LAX,North America,Los Angeles,185 ms
104.19.3.200,LAX,North America,Los Angeles,185 ms
104.17.98.35,SJC,North America,San Jose,185 ms
104.16.82.92,SJC,North America,San Jose,185 ms
104.18.235.41,SJC,North America,San Jose,185 ms
104.19.225.175,SJC,North America,San Jose,185 ms
104.24.146.245,LAX,North America,Los Angeles,185 ms
104.17.242.36,SJC,North America,San Jose,185 ms
104.22.24.122,LAX,North America,Los Angeles,185 ms
104.20.224.160,LAX,North America,Los Angeles,185 ms
104.19.114.251,LAX,North America,Los Angeles,185 ms
104.22.10.137,LAX,North America,Los Angeles,186 ms
104.16.246.73,SJC,North America,San Jose,186 ms
104.19.152.65,SJC,North America,San Jose,186 ms
104.17.50.22,SJC,North America,San Jose,186 ms
172.67.42.169,LAX,North America,Los Angeles,186 ms
104.18.172.208,SJC,North America,San Jose,186 ms
104.17.34.224,SJC,North America,San Jose,186 ms
104.17.218.183,SJC,North America,San Jose,186 ms
104.19.145.106,LAX,North America,Los Angeles,186 ms
104.17.241.84,SJC,North America,San Jose,186 ms
104.17.126.106,SJC,North America,San Jose,186 ms
104.17.135.104,SJC,North America,San Jose,186 ms
104.20.229.205,LAX,North America,Los Angeles,186 ms
104.17.175.244,SJC,North America,San Jose,186 ms
104.18.112.200,LAX,North America,Los Angeles,186 ms
104.24.19.155,LAX,North America,Los Angeles,186 ms
104.18.90.230,LAX,North America,Los Angeles,186 ms
104.18.201.81,LAX,North America,Los Angeles,186 ms
104.20.81.69,LAX,North America,Los Angeles,187 ms
104.22.55.218,LAX,North America,Los Angeles,187 ms
104.24.87.132,LAX,North America,Los Angeles,187 ms
104.16.193.218,LAX,North America,Los Angeles,187 ms
104.19.59.131,LAX,North America,Los Angeles,187 ms
104.20.199.52,LAX,North America,Los Angeles,187 ms
104.19.193.227,LAX,North America,Los Angeles,187 ms
104.20.238.93,LAX,North America,Los Angeles,187 ms
104.20.249.219,LAX,North America,Los Angeles,187 ms
104.16.33.231,SJC,North America,San Jose,187 ms
104.22.22.202,LAX,North America,Los Angeles,187 ms
104.18.238.154,SJC,North America,San Jose,188 ms
104.25.161.53,LAX,North America,Los Angeles,188 ms
104.17.220.211,LAX,North America,Los Angeles,188 ms
104.16.34.135,SJC,North America,San Jose,188 ms
104.18.244.94,SJC,North America,San Jose,188 ms
104.19.103.80,LAX,North America,Los Angeles,188 ms
104.25.54.132,LAX,North America,Los Angeles,188 ms
104.16.201.220,SJC,North America,San Jose,188 ms
104.25.57.111,LAX,North America,Los Angeles,188 ms
104.17.32.175,SJC,North America,San Jose,188 ms
104.17.181.42,LAX,North America,Los Angeles,188 ms
104.18.165.114,SJC,North America,San Jose,188 ms
104.20.235.192,LAX,North America,Los Angeles,188 ms
104.16.91.6,SJC,North America,San Jose,188 ms
104.22.1.161,LAX,North America,Los Angeles,188 ms
104.18.174.159,SJC,North America,San Jose,188 ms
104.18.251.233,SJC,North America,San Jose,189 ms
104.21.4.3,LAX,North America,Los Angeles,189 ms
104.22.5.168,LAX,North America,Los Angeles,189 ms
104.20.130.236,LAX,North America,Los Angeles,189 ms
104.20.89.8,LAX,North America,Los Angeles,189 ms
104.19.219.214,LAX,North America,Los Angeles,189 ms
104.16.90.118,SJC,North America,San Jose,189 ms
104.17.240.85,SJC,North America,San Jose,189 ms
104.18.193.9,SJC,North America,San Jose,189 ms
104.25.205.189,LAX,North America,Los Angeles,189 ms
104.22.61.193,LAX,North America,Los Angeles,189 ms
104.17.205.32,LAX,North America,Los Angeles,189 ms
104.20.250.81,LAX,North America,Los Angeles,189 ms
104.20.120.72,LAX,North America,Los Angeles,189 ms
162.159.44.7,LAX,North America,Los Angeles,189 ms
104.16.84.97,SJC,North America,San Jose,189 ms
104.16.86.143,SJC,North America,San Jose,189 ms
104.25.39.225,LAX,North America,Los Angeles,189 ms
104.21.49.196,SJC,North America,San Jose,189 ms
104.21.79.185,SJC,North America,San Jose,190 ms
104.22.4.101,LAX,North America,Los Angeles,190 ms
172.66.46.2,LAX,North America,Los Angeles,190 ms
104.24.162.112,LAX,North America,Los Angeles,190 ms
104.19.224.134,SJC,North America,San Jose,190 ms
104.24.165.227,LAX,North America,Los Angeles,190 ms
104.18.10.69,LAX,North America,Los Angeles,190 ms
104.18.207.70,LAX,North America,Los Angeles,190 ms
104.19.41.9,LAX,North America,Los Angeles,190 ms
104.16.80.130,SJC,North America,San Jose,190 ms
104.20.196.172,LAX,North America,Los Angeles,190 ms
104.17.29.33,SJC,North America,San Jose,190 ms
104.16.36.64,SJC,North America,San Jose,190 ms
104.17.8.57,SJC,North America,San Jose,190 ms
104.20.176.175,LAX,North America,Los Angeles,190 ms
104.19.174.228,LAX,North America,Los Angeles,190 ms
108.162.194.78,LAX,North America,Los Angeles,190 ms
104.24.209.102,LAX,North America,Los Angeles,190 ms
104.23.128.132,LAX,North America,Los Angeles,190 ms
104.16.97.137,SJC,North America,San Jose,191 ms
104.18.52.98,LAX,North America,Los Angeles,191 ms
172.67.192.24,SJC,North America,San Jose,191 ms
104.23.126.97,LAX,North America,Los Angeles,191 ms
104.27.89.59,LAX,North America,Los Angeles,191 ms
104.17.11.183,SJC,North America,San Jose,191 ms
104.24.71.209,LAX,North America,Los Angeles,191 ms
104.22.65.79,LAX,North America,Los Angeles,191 ms
104.16.98.49,SJC,North America,San Jose,191 ms
104.19.108.195,LAX,North America,Los Angeles,191 ms
172.65.217.49,CDG,Europe,Paris,191 ms
104.16.101.250,SJC,North America,San Jose,191 ms
104.20.197.157,LAX,North America,Los Angeles,191 ms
104.24.244.13,LAX,North America,Los Angeles,191 ms
104.20.183.22,LAX,North America,Los Angeles,191 ms
104.24.205.222,LAX,North America,Los Angeles,191 ms
172.67.34.227,LAX,North America,Los Angeles,191 ms
104.18.28.233,LAX,North America,Los Angeles,191 ms
104.16.92.104,SJC,North America,San Jose,191 ms
104.22.11.144,LAX,North America,Los Angeles,191 ms
104.16.71.208,SJC,North America,San Jose,192 ms
104.23.119.90,LAX,North America,Los Angeles,192 ms
104.16.103.138,SJC,North America,San Jose,192 ms
104.16.99.250,SJC,North America,San Jose,192 ms
104.22.48.226,LAX,North America,Los Angeles,192 ms
104.18.149.245,LAX,North America,Los Angeles,192 ms
104.21.45.244,LAX,North America,Los Angeles,192 ms
104.25.59.101,LAX,North America,Los Angeles,192 ms
104.22.18.140,LAX,North America,Los Angeles,192 ms
104.19.52.193,LAX,North America,Los Angeles,192 ms
104.24.63.237,LAX,North America,Los Angeles,192 ms
104.23.117.195,LAX,North America,Los Angeles,192 ms
104.17.101.163,LAX,North America,Los Angeles,192 ms
104.16.44.53,SJC,North America,San Jose,192 ms
104.18.21.85,LAX,North America,Los Angeles,192 ms
104.19.60.158,LAX,North America,Los Angeles,192 ms
104.24.158.58,LAX,North America,Los Angeles,192 ms
104.20.131.83,LAX,North America,Los Angeles,192 ms
104.20.217.239,LAX,North America,Los Angeles,192 ms
104.23.112.137,LAX,North America,Los Angeles,192 ms
104.21.20.125,LAX,North America,Los Angeles,193 ms
104.25.157.166,LAX,North America,Los Angeles,193 ms
104.20.104.211,LAX,North America,Los Angeles,193 ms
104.24.187.218,LAX,North America,Los Angeles,193 ms
104.25.202.178,LAX,North America,Los Angeles,193 ms
104.19.135.61,LAX,North America,Los Angeles,193 ms
104.20.102.252,LAX,North America,Los Angeles,193 ms
104.20.113.117,LAX,North America,Los Angeles,193 ms
104.24.169.252,LAX,North America,Los Angeles,193 ms
104.24.217.121,LAX,North America,Los Angeles,193 ms
104.18.184.153,SJC,North America,San Jose,193 ms
104.20.248.110,LAX,North America,Los Angeles,193 ms
104.24.179.126,LAX,North America,Los Angeles,193 ms
108.162.192.65,LAX,North America,Los Angeles,193 ms
104.24.29.251,LAX,North America,Los Angeles,193 ms
104.22.67.207,LAX,North America,Los Angeles,193 ms
104.20.48.58,LAX,North America,Los Angeles,194 ms
104.20.239.92,LAX,North America,Los Angeles,194 ms
104.20.49.177,LAX,North America,Los Angeles,194 ms
104.20.58.240,LAX,North America,Los Angeles,194 ms
104.20.208.21,LAX,North America,Los Angeles,194 ms
104.16.112.92,SJC,North America,San Jose,194 ms
104.24.59.197,LAX,North America,Los Angeles,194 ms
104.16.251.165,LAX,North America,Los Angeles,194 ms
104.24.128.81,LAX,North America,Los Angeles,194 ms
104.22.40.125,LAX,North America,Los Angeles,194 ms
104.20.55.123,LAX,North America,Los Angeles,194 ms
172.67.198.164,LAX,North America,Los Angeles,194 ms
104.20.93.153,LAX,North America,Los Angeles,194 ms
141.101.123.58,LAX,North America,Los Angeles,194 ms
104.25.85.207,LAX,North America,Los Angeles,194 ms
104.22.51.160,LAX,North America,Los Angeles,194 ms
104.25.112.198,LAX,North America,Los Angeles,194 ms
104.20.132.246,LAX,North America,Los Angeles,194 ms
104.18.233.90,SJC,North America,San Jose,194 ms
104.22.33.21,LAX,North America,Los Angeles,194 ms
104.21.28.43,LAX,North America,Los Angeles,194 ms
104.24.229.168,LAX,North America,Los Angeles,194 ms
104.24.82.235,LAX,North America,Los Angeles,195 ms
104.19.140.159,LAX,North America,Los Angeles,195 ms
104.24.150.123,LAX,North America,Los Angeles,195 ms
104.24.73.174,LAX,North America,Los Angeles,195 ms
104.18.47.170,LAX,North America,Los Angeles,195 ms
104.24.151.33,LAX,North America,Los Angeles,195 ms
104.25.189.142,LAX,North America,Los Angeles,195 ms
104.20.123.37,LAX,North America,Los Angeles,195 ms
104.16.85.82,SJC,North America,San Jose,195 ms
104.19.89.209,LAX,North America,Los Angeles,195 ms
104.20.152.58,LAX,North America,Los Angeles,195 ms
104.24.246.37,LAX,North America,Los Angeles,195 ms
104.20.105.55,LAX,North America,Los Angeles,195 ms
104.19.105.99,LAX,North America,Los Angeles,195 ms
104.18.170.250,SJC,North America,San Jose,195 ms
172.66.47.64,LAX,North America,Los Angeles,195 ms
104.24.223.195,LAX,North America,Los Angeles,195 ms
104.19.251.36,SJC,North America,San Jose,195 ms
104.24.143.68,LAX,North America,Los Angeles,195 ms
104.25.228.182,LAX,North America,Los Angeles,195 ms
104.24.201.89,LAX,North America,Los Angeles,195 ms
104.21.111.25,SJC,North America,San Jose,195 ms
104.24.194.67,LAX,North America,Los Angeles,195 ms
104.16.161.228,SJC,North America,San Jose,195 ms
104.24.178.54,LAX,North America,Los Angeles,195 ms
104.20.254.162,LAX,North America,Los Angeles,195 ms
104.19.195.111,LAX,North America,Los Angeles,195 ms
104.24.22.165,LAX,North America,Los Angeles,195 ms
104.24.84.214,LAX,North America,Los Angeles,195 ms
104.22.9.69,LAX,North America,Los Angeles,196 ms
104.22.15.245,LAX,North America,Los Angeles,196 ms
104.25.163.98,LAX,North America,Los Angeles,196 ms
104.19.97.250,LAX,North America,Los Angeles,196 ms
104.20.112.3,LAX,North America,Los Angeles,196 ms
104.25.100.1,LAX,North America,Los Angeles,196 ms
104.17.12.71,LAX,North America,Los Angeles,196 ms
104.19.53.2,LAX,North America,Los Angeles,196 ms
104.20.194.129,LAX,North America,Los Angeles,196 ms
104.20.5.12,LAX,North America,Los Angeles,196 ms
172.67.138.190,LAX,North America,Los Angeles,196 ms
104.22.62.44,LAX,North America,Los Angeles,196 ms
104.25.208.201,LAX,North America,Los Angeles,196 ms
104.24.221.70,LAX,North America,Los Angeles,196 ms
104.22.2.79,LAX,North America,Los Angeles,196 ms
104.25.175.168,LAX,North America,Los Angeles,196 ms
104.24.66.151,LAX,North America,Los Angeles,196 ms
104.20.167.70,LAX,North America,Los Angeles,196 ms
104.20.182.42,LAX,North America,Los Angeles,196 ms
104.21.40.73,SJC,North America,San Jose,196 ms
104.18.34.200,LAX,North America,Los Angeles,196 ms
104.19.80.55,LAX,North America,Los Angeles,196 ms
104.25.137.203,LAX,North America,Los Angeles,197 ms
104.19.92.202,LAX,North America,Los Angeles,197 ms
104.19.93.126,LAX,North America,Los Angeles,197 ms
104.19.6.211,LAX,North America,Los Angeles,197 ms
104.25.136.67,LAX,North America,Los Angeles,197 ms
104.20.165.35,LAX,North America,Los Angeles,197 ms
104.19.57.233,LAX,North America,Los Angeles,197 ms
104.25.36.219,LAX,North America,Los Angeles,197 ms
104.20.117.42,LAX,North America,Los Angeles,197 ms
104.22.52.240,LAX,North America,Los Angeles,197 ms
104.19.18.3,LAX,North America,Los Angeles,197 ms
104.20.169.242,LAX,North America,Los Angeles,197 ms
104.21.98.13,LAX,North America,Los Angeles,197 ms
104.22.71.206,LAX,North America,Los Angeles,197 ms
104.16.0.43,SJC,North America,San Jose,197 ms
172.67.32.200,LAX,North America,Los Angeles,197 ms
104.20.221.208,LAX,North America,Los Angeles,197 ms
104.20.141.111,LAX,North America,Los Angeles,197 ms
104.20.115.86,LAX,North America,Los Angeles,197 ms
104.24.252.233,LAX,North America,Los Angeles,197 ms
104.24.199.177,LAX,North America,Los Angeles,197 ms
104.24.168.225,LAX,North America,Los Angeles,197 ms
172.67.102.101,LAX,North America,Los Angeles,197 ms
104.24.86.184,LAX,North America,Los Angeles,197 ms
104.20.164.243,LAX,North America,Los Angeles,197 ms
104.19.104.151,LAX,North America,Los Angeles,197 ms
104.20.47.143,LAX,North America,Los Angeles,197 ms
104.24.227.234,LAX,North America,Los Angeles,197 ms
104.19.16.179,LAX,North America,Los Angeles,197 ms
104.25.176.17,LAX,North America,Los Angeles,197 ms
104.16.45.216,SJC,North America,San Jose,197 ms
104.18.9.72,LAX,North America,Los Angeles,197 ms
104.21.211.105,LAX,North America,Los Angeles,198 ms
104.20.205.228,LAX,North America,Los Angeles,198 ms
104.19.222.128,LAX,North America,Los Angeles,198 ms
104.19.82.175,LAX,North America,Los Angeles,198 ms
104.19.56.111,LAX,North America,Los Angeles,198 ms
104.21.102.242,LAX,North America,Los Angeles,198 ms
104.18.29.133,LAX,North America,Los Angeles,198 ms
104.25.158.181,LAX,North America,Los Angeles,198 ms
104.19.47.228,LAX,North America,Los Angeles,198 ms
104.24.34.16,LAX,North America,Los Angeles,198 ms
104.20.88.138,LAX,North America,Los Angeles,198 ms
104.21.37.167,LAX,North America,Los Angeles,198 ms
104.18.58.148,LAX,North America,Los Angeles,198 ms
104.20.46.80,LAX,North America,Los Angeles,198 ms
104.24.25.23,LAX,North America,Los Angeles,198 ms
104.16.62.45,LAX,North America,Los Angeles,198 ms
104.19.124.6,LAX,North America,Los Angeles,198 ms
104.22.13.206,LAX,North America,Los Angeles,198 ms
104.20.236.43,LAX,North America,Los Angeles,198 ms
104.20.159.146,LAX,North America,Los Angeles,198 ms
104.25.123.84,LAX,North America,Los Angeles,198 ms
104.24.170.180,LAX,North America,Los Angeles,198 ms
104.24.172.37,LAX,North America,Los Angeles,198 ms
104.24.62.123,LAX,North America,Los Angeles,198 ms
104.25.170.200,LAX,North America,Los Angeles,198 ms
104.23.109.1,LAX,North America,Los Angeles,198 ms
104.24.65.34,LAX,North America,Los Angeles,198 ms
162.159.36.98,LAX,North America,Los Angeles,198 ms
104.25.78.190,LAX,North America,Los Angeles,198 ms
104.19.95.121,LAX,North America,Los Angeles,198 ms
104.24.144.222,LAX,North America,Los Angeles,198 ms
104.19.25.160,LAX,North America,Los Angeles,198 ms
104.19.17.33,LAX,North America,Los Angeles,198 ms
104.24.61.131,LAX,North America,Los Angeles,198 ms
104.20.210.213,LAX,North America,Los Angeles,198 ms
104.24.212.65,LAX,North America,Los Angeles,199 ms
104.16.185.148,SJC,North America,San Jose,199 ms
104.20.158.204,LAX,North America,Los Angeles,199 ms
104.19.96.55,LAX,North America,Los Angeles,199 ms
104.16.118.209,SJC,North America,San Jose,199 ms
104.18.56.202,LAX,North America,Los Angeles,199 ms
104.20.149.181,LAX,North America,Los Angeles,199 ms
104.20.70.59,LAX,North America,Los Angeles,199 ms
104.24.154.196,LAX,North America,Los Angeles,199 ms
104.24.224.180,LAX,North America,Los Angeles,199 ms
104.19.45.79,LAX,North America,Los Angeles,199 ms
104.25.42.229,LAX,North America,Los Angeles,199 ms
104.19.88.110,LAX,North America,Los Angeles,199 ms
104.24.206.72,LAX,North America,Los Angeles,199 ms
104.16.66.105,SJC,North America,San Jose,199 ms
104.22.59.248,LAX,North America,Los Angeles,199 ms
104.19.4.92,LAX,North America,Los Angeles,199 ms
104.21.81.220,LAX,North America,Los Angeles,199 ms
172.67.143.138,LAX,North America,Los Angeles,199 ms
104.27.13.240,LAX,North America,Los Angeles,199 ms
104.20.178.190,LAX,North America,Los Angeles,199 ms
104.20.218.38,LAX,North America,Los Angeles,199 ms
104.24.211.21,LAX,North America,Los Angeles,199 ms
104.21.31.0,LAX,North America,Los Angeles,199 ms
104.24.35.110,LAX,North America,Los Angeles,199 ms
108.162.199.205,LAX,North America,Los Angeles,199 ms
104.20.11.68,LAX,North America,Los Angeles,199 ms
104.25.51.152,LAX,North America,Los Angeles,199 ms
104.24.159.182,LAX,North America,Los Angeles,199 ms
104.20.63.200,LAX,North America,Los Angeles,199 ms
104.20.188.59,LAX,North America,Los Angeles,199 ms
104.24.147.24,LAX,North America,Los Angeles,199 ms
104.24.24.113,LAX,North America,Los Angeles,199 ms
104.24.233.99,LAX,North America,Los Angeles,199 ms
104.25.110.92,LAX,North America,Los Angeles,199 ms
172.64.89.171,LAX,North America,Los Angeles,199 ms
104.24.32.243,LAX,North America,Los Angeles,199 ms
104.24.167.13,LAX,North America,Los Angeles,200 ms
104.27.100.220,LAX,North America,Los Angeles,200 ms
104.19.102.41,LAX,North America,Los Angeles,200 ms
104.24.245.41,LAX,North America,Los Angeles,200 ms
104.24.203.59,LAX,North America,Los Angeles,200 ms
104.23.136.132,LAX,North America,Los Angeles,200 ms
104.27.5.136,LAX,North America,Los Angeles,200 ms
104.20.82.35,LAX,North America,Los Angeles,200 ms
104.24.45.12,LAX,North America,Los Angeles,200 ms
104.24.181.193,LAX,North America,Los Angeles,200 ms
104.21.127.135,LAX,North America,Los Angeles,200 ms
104.27.96.247,LAX,North America,Los Angeles,200 ms
104.18.45.202,LAX,North America,Los Angeles,200 ms
104.21.26.102,LAX,North America,Los Angeles,200 ms
104.20.139.162,LAX,North America,Los Angeles,200 ms
104.20.193.119,LAX,North America,Los Angeles,200 ms
104.25.53.139,LAX,North America,Los Angeles,200 ms
104.24.250.172,LAX,North America,Los Angeles,200 ms
104.24.142.187,LAX,North America,Los Angeles,200 ms
104.19.36.122,LAX,North America,Los Angeles,200 ms
104.19.32.113,LAX,North America,Los Angeles,200 ms
104.19.90.177,LAX,North America,Los Angeles,200 ms
104.18.31.221,LAX,North America,Los Angeles,200 ms
104.19.112.195,LAX,North America,Los Angeles,200 ms
104.18.41.91,LAX,North America,Los Angeles,200 ms
104.20.111.96,LAX,North America,Los Angeles,200 ms
104.16.102.88,SJC,North America,San Jose,200 ms
104.22.30.84,LAX,North America,Los Angeles,200 ms
104.22.17.17,LAX,North America,Los Angeles,200 ms
104.24.23.233,LAX,North America,Los Angeles,200 ms
173.245.58.19,LAX,North America,Los Angeles,200 ms
104.24.232.83,LAX,North America,Los Angeles,200 ms
104.24.28.101,LAX,North America,Los Angeles,200 ms
104.23.125.86,LAX,North America,Los Angeles,200 ms
104.25.40.11,LAX,North America,Los Angeles,200 ms
104.20.203.5,LAX,North America,Los Angeles,201 ms
104.27.127.164,LAX,North America,Los Angeles,201 ms
104.24.161.41,LAX,North America,Los Angeles,201 ms
104.16.40.5,SJC,North America,San Jose,201 ms
104.22.23.208,LAX,North America,Los Angeles,201 ms
104.27.88.154,LAX,North America,Los Angeles,201 ms
104.18.3.70,LAX,North America,Los Angeles,201 ms
104.19.39.38,LAX,North America,Los Angeles,201 ms
104.25.102.238,LAX,North America,Los Angeles,201 ms
141.101.121.119,LAX,North America,Los Angeles,201 ms
104.24.249.72,LAX,North America,Los Angeles,201 ms
104.25.62.169,LAX,North America,Los Angeles,201 ms
104.23.123.254,LAX,North America,Los Angeles,201 ms
104.20.52.15,LAX,North America,Los Angeles,201 ms
104.20.53.60,LAX,North America,Los Angeles,201 ms
104.20.251.29,LAX,North America,Los Angeles,201 ms
104.16.100.231,SJC,North America,San Jose,201 ms
104.25.43.81,LAX,North America,Los Angeles,201 ms
104.20.222.226,LAX,North America,Los Angeles,201 ms
104.20.8.176,LAX,North America,Los Angeles,201 ms
104.22.69.66,LAX,North America,Los Angeles,201 ms
104.24.72.53,LAX,North America,Los Angeles,201 ms
104.18.30.247,LAX,North America,Los Angeles,201 ms
104.24.202.91,LAX,North America,Los Angeles,201 ms
104.19.71.89,LAX,North America,Los Angeles,201 ms
104.18.44.171,LAX,North America,Los Angeles,201 ms
104.20.230.67,LAX,North America,Los Angeles,201 ms
104.19.142.212,LAX,North America,Los Angeles,201 ms
104.20.74.233,LAX,North America,Los Angeles,201 ms
104.20.87.201,LAX,North America,Los Angeles,201 ms
104.20.79.47,LAX,North America,Los Angeles,201 ms
104.24.247.145,LAX,North America,Los Angeles,201 ms
104.22.12.35,LAX,North America,Los Angeles,201 ms
104.25.67.38,LAX,North America,Los Angeles,201 ms
104.20.228.246,LAX,North America,Los Angeles,201 ms
104.19.83.190,LAX,North America,Los Angeles,201 ms
104.24.184.50,LAX,North America,Los Angeles,201 ms
104.22.3.102,LAX,North America,Los Angeles,201 ms
104.21.42.29,LAX,North America,Los Angeles,201 ms
104.25.220.146,LAX,North America,Los Angeles,202 ms
104.18.4.115,LAX,North America,Los Angeles,202 ms
104.19.34.104,LAX,North America,Los Angeles,202 ms
104.20.62.185,LAX,North America,Los Angeles,202 ms
104.24.89.214,LAX,North America,Los Angeles,202 ms
104.19.58.187,LAX,North America,Los Angeles,202 ms
104.21.205.196,LAX,North America,Los Angeles,202 ms
104.20.142.2,LAX,North America,Los Angeles,202 ms
104.25.93.124,LAX,North America,Los Angeles,202 ms
104.24.156.28,LAX,North America,Los Angeles,202 ms
104.18.40.198,LAX,North America,Los Angeles,202 ms
104.24.155.247,LAX,North America,Los Angeles,202 ms
104.22.46.172,LAX,North America,Los Angeles,202 ms
104.16.94.196,SJC,North America,San Jose,202 ms
172.64.39.220,LAX,North America,Los Angeles,202 ms
104.24.58.151,LAX,North America,Los Angeles,202 ms
104.19.67.99,LAX,North America,Los Angeles,202 ms
104.24.243.252,LAX,North America,Los Angeles,202 ms
104.19.27.50,LAX,North America,Los Angeles,202 ms
104.19.43.252,LAX,North America,Los Angeles,202 ms
104.20.163.229,LAX,North America,Los Angeles,202 ms
104.25.33.41,LAX,North America,Los Angeles,202 ms
104.24.68.245,LAX,North America,Los Angeles,202 ms
104.25.38.215,LAX,North America,Los Angeles,202 ms
104.25.215.57,LAX,North America,Los Angeles,202 ms
141.101.122.240,LAX,North America,Los Angeles,202 ms
104.17.97.135,SJC,North America,San Jose,202 ms
172.64.35.84,LAX,North America,Los Angeles,202 ms
104.24.80.192,LAX,North America,Los Angeles,202 ms
104.20.171.242,LAX,North America,Los Angeles,202 ms
104.20.108.46,LAX,North America,Los Angeles,202 ms
104.20.78.201,LAX,North America,Los Angeles,202 ms
104.21.59.70,SJC,North America,San Jose,202 ms
104.20.59.3,LAX,North America,Los Angeles,202 ms
104.21.52.247,LAX,North America,Los Angeles,202 ms
104.24.46.17,LAX,North America,Los Angeles,202 ms
104.22.42.58,LAX,North America,Los Angeles,202 ms
104.23.110.145,LAX,North America,Los Angeles,202 ms
104.16.93.66,SJC,North America,San Jose,202 ms
104.24.177.49,LAX,North America,Los Angeles,202 ms
104.19.119.195,LAX,North America,Los Angeles,202 ms
104.20.72.108,LAX,North America,Los Angeles,202 ms
104.25.224.221,LAX,North America,Los Angeles,202 ms
104.23.142.29,LAX,North America,Los Angeles,202 ms
104.23.141.208,LAX,North America,Los Angeles,202 ms
104.21.27.210,LAX,North America,Los Angeles,202 ms
104.20.126.0,LAX,North America,Los Angeles,203 ms
104.25.96.186,LAX,North America,Los Angeles,203 ms
104.23.132.168,LAX,North America,Los Angeles,203 ms
104.21.92.223,LAX,North America,Los Angeles,203 ms
104.19.33.218,LAX,North America,Los Angeles,203 ms
104.20.67.242,LAX,North America,Los Angeles,203 ms
104.21.93.232,LAX,North America,Los Angeles,203 ms
104.25.60.188,LAX,North America,Los Angeles,203 ms
162.159.140.52,LAX,North America,Los Angeles,203 ms
104.20.94.101,LAX,North America,Los Angeles,203 ms
104.18.169.56,SJC,North America,San Jose,203 ms
162.159.38.137,LAX,North America,Los Angeles,203 ms
104.20.143.213,LAX,North America,Los Angeles,203 ms
104.25.207.69,LAX,North America,Los Angeles,203 ms
104.20.136.30,LAX,North America,Los Angeles,203 ms
104.19.54.199,LAX,North America,Los Angeles,203 ms
104.24.83.97,LAX,North America,Los Angeles,203 ms
104.24.213.116,LAX,North America,Los Angeles,203 ms
104.25.111.187,LAX,North America,Los Angeles,203 ms
104.22.35.112,LAX,North America,Los Angeles,203 ms
104.19.202.159,LAX,North America,Los Angeles,203 ms
104.19.198.109,LAX,North America,Los Angeles,203 ms
104.19.215.255,SJC,North America,San Jose,203 ms
104.20.43.238,LAX,North America,Los Angeles,203 ms
104.25.95.163,LAX,North America,Los Angeles,203 ms
104.24.198.145,LAX,North America,Los Angeles,203 ms
104.17.96.110,SJC,North America,San Jose,203 ms
172.67.184.188,LAX,North America,Los Angeles,203 ms
104.20.51.195,LAX,North America,Los Angeles,203 ms
104.24.78.55,LAX,North America,Los Angeles,203 ms
104.25.75.24,LAX,North America,Los Angeles,203 ms
104.18.61.38,LAX,North America,Los Angeles,203 ms
172.67.43.210,LAX,North America,Los Angeles,203 ms
104.23.133.161,LAX,North America,Los Angeles,203 ms
104.20.116.66,LAX,North America,Los Angeles,203 ms
104.20.133.220,LAX,North America,Los Angeles,203 ms
104.22.21.151,LAX,North America,Los Angeles,203 ms
104.21.113.247,LAX,North America,Los Angeles,203 ms
104.22.56.72,LAX,North America,Los Angeles,204 ms
104.24.240.127,LAX,North America,Los Angeles,204 ms
104.21.2.166,LAX,North America,Los Angeles,204 ms
104.20.201.210,LAX,North America,Los Angeles,204 ms
104.19.213.186,SJC,North America,San Jose,204 ms
104.24.92.227,LAX,North America,Los Angeles,204 ms
104.25.99.146,LAX,North America,Los Angeles,204 ms
104.20.9.186,LAX,North America,Los Angeles,204 ms
104.18.36.87,LAX,North America,Los Angeles,204 ms
104.20.220.87,LAX,North America,Los Angeles,204 ms
104.22.50.85,LAX,North America,Los Angeles,204 ms
104.22.58.12,LAX,North America,Los Angeles,204 ms
104.22.20.15,LAX,North America,Los Angeles,204 ms
104.24.81.54,LAX,North America,Los Angeles,204 ms
104.20.175.54,LAX,North America,Los Angeles,204 ms
104.25.105.35,LAX,North America,Los Angeles,204 ms
104.25.58.80,LAX,North America,Los Angeles,204 ms
104.25.94.58,LAX,North America,Los Angeles,204 ms
104.25.56.29,LAX,North America,Los Angeles,204 ms
104.23.105.88,LAX,North America,Los Angeles,204 ms
104.25.65.43,LAX,North America,Los Angeles,204 ms
104.18.17.137,LAX,North America,Los Angeles,204 ms
104.20.54.217,LAX,North America,Los Angeles,204 ms
104.20.134.141,LAX,North America,Los Angeles,204 ms
104.20.223.168,LAX,North America,Los Angeles,204 ms
104.18.35.254,LAX,North America,Los Angeles,204 ms
104.19.1.194,LAX,North America,Los Angeles,204 ms
104.20.244.136,LAX,North America,Los Angeles,204 ms
104.25.135.246,LAX,North America,Los Angeles,204 ms
104.16.73.228,SJC,North America,San Jose,204 ms
104.20.92.24,LAX,North America,Los Angeles,204 ms
104.20.240.67,LAX,North America,Los Angeles,204 ms
104.27.71.139,LAX,North America,Los Angeles,204 ms
104.18.0.32,LAX,North America,Los Angeles,205 ms
104.22.60.61,LAX,North America,Los Angeles,205 ms
104.22.45.127,LAX,North America,Los Angeles,205 ms
104.19.111.10,LAX,North America,Los Angeles,205 ms
104.24.70.180,LAX,North America,Los Angeles,205 ms
104.20.166.150,LAX,North America,Los Angeles,205 ms
104.20.214.212,LAX,North America,Los Angeles,205 ms
104.25.49.175,LAX,North America,Los Angeles,205 ms
104.20.41.241,LAX,North America,Los Angeles,205 ms
104.25.129.98,LAX,North America,Los Angeles,205 ms
172.67.38.237,LAX,North America,Los Angeles,205 ms
108.162.196.4,LAX,North America,Los Angeles,205 ms
104.20.243.62,LAX,North America,Los Angeles,205 ms
104.20.212.21,LAX,North America,Los Angeles,205 ms
104.23.106.28,LAX,North America,Los Angeles,205 ms
104.20.219.31,LAX,North America,Los Angeles,205 ms
104.18.11.56,LAX,North America,Los Angeles,205 ms
104.24.11.165,LAX,North America,Los Angeles,205 ms
104.22.78.129,LAX,North America,Los Angeles,205 ms
104.22.79.185,LAX,North America,Los Angeles,205 ms
104.22.75.116,LAX,North America,Los Angeles,205 ms
104.18.23.54,LAX,North America,Los Angeles,205 ms
104.19.84.173,LAX,North America,Los Angeles,205 ms
104.20.68.74,LAX,North America,Los Angeles,205 ms
104.19.72.179,LAX,North America,Los Angeles,205 ms
162.159.194.247,LAX,North America,Los Angeles,205 ms
104.24.186.24,LAX,North America,Los Angeles,205 ms
1.1.1.70,LAX,North America,Los Angeles,205 ms
172.65.242.193,CDG,Europe,Paris,205 ms
104.24.166.182,LAX,North America,Los Angeles,205 ms
104.20.42.143,LAX,North America,Los Angeles,205 ms
104.24.27.203,LAX,North America,Los Angeles,205 ms
104.18.39.120,LAX,North America,Los Angeles,205 ms
104.25.139.130,LAX,North America,Los Angeles,205 ms
104.22.70.124,LAX,North America,Los Angeles,205 ms
104.19.28.110,LAX,North America,Los Angeles,205 ms
104.19.99.236,LAX,North America,Los Angeles,205 ms
104.19.133.11,LAX,North America,Los Angeles,205 ms
104.19.76.124,LAX,North America,Los Angeles,205 ms
162.159.58.181,LAX,North America,Los Angeles,205 ms
104.20.32.58,LAX,North America,Los Angeles,206 ms
104.24.130.149,LAX,North America,Los Angeles,206 ms
104.20.124.179,LAX,North America,Los Angeles,206 ms
104.20.125.187,LAX,North America,Los Angeles,206 ms
104.24.43.51,LAX,North America,Los Angeles,206 ms
104.25.101.167,LAX,North America,Los Angeles,206 ms
104.22.32.159,LAX,North America,Los Angeles,206 ms
104.20.37.150,LAX,North America,Los Angeles,206 ms
104.24.13.196,LAX,North America,Los Angeles,206 ms
104.19.31.164,LAX,North America,Los Angeles,206 ms
104.27.56.91,LAX,North America,Los Angeles,206 ms
104.24.183.247,LAX,North America,Los Angeles,206 ms
104.24.195.93,LAX,North America,Los Angeles,206 ms
104.24.14.199,LAX,North America,Los Angeles,206 ms
104.22.74.64,LAX,North America,Los Angeles,206 ms
104.19.120.185,LAX,North America,Los Angeles,206 ms
104.18.32.236,LAX,North America,Los Angeles,206 ms
104.19.79.14,LAX,North America,Los Angeles,206 ms
104.22.44.206,LAX,North America,Los Angeles,206 ms
104.19.48.176,LAX,North America,Los Angeles,206 ms
104.19.134.125,LAX,North America,Los Angeles,206 ms
104.19.107.46,LAX,North America,Los Angeles,206 ms
104.24.8.161,LAX,North America,Los Angeles,206 ms
198.41.196.8,LAX,North America,Los Angeles,206 ms
104.20.173.77,LAX,North America,Los Angeles,206 ms
172.67.91.85,LAX,North America,Los Angeles,206 ms
104.19.62.217,LAX,North America,Los Angeles,206 ms
104.24.53.217,LAX,North America,Los Angeles,206 ms
104.23.115.32,LAX,North America,Los Angeles,206 ms
104.21.53.173,SJC,North America,San Jose,206 ms
104.24.182.178,LAX,North America,Los Angeles,206 ms
104.25.145.231,LAX,North America,Los Angeles,206 ms
104.20.36.125,LAX,North America,Los Angeles,206 ms
104.18.33.80,LAX,North America,Los Angeles,206 ms
104.20.231.145,LAX,North America,Los Angeles,206 ms
104.25.55.253,LAX,North America,Los Angeles,206 ms
104.16.114.94,SJC,North America,San Jose,207 ms
104.24.75.80,LAX,North America,Los Angeles,207 ms
104.23.107.93,LAX,North America,Los Angeles,207 ms
104.20.186.69,LAX,North America,Los Angeles,207 ms
104.21.99.127,LAX,North America,Los Angeles,207 ms
104.20.198.117,LAX,North America,Los Angeles,207 ms
172.67.84.178,LAX,North America,Los Angeles,207 ms
104.19.40.19,LAX,North America,Los Angeles,207 ms
104.19.0.78,LAX,North America,Los Angeles,207 ms
104.16.96.51,SJC,North America,San Jose,207 ms
104.20.233.60,LAX,North America,Los Angeles,207 ms
104.24.139.155,LAX,North America,Los Angeles,207 ms
104.20.57.202,LAX,North America,Los Angeles,207 ms
104.20.162.108,LAX,North America,Los Angeles,207 ms
104.20.12.56,LAX,North America,Los Angeles,207 ms
104.22.73.197,LAX,North America,Los Angeles,207 ms
104.19.137.83,LAX,North America,Los Angeles,207 ms
104.19.214.84,LAX,North America,Los Angeles,207 ms
104.21.0.144,LAX,North America,Los Angeles,207 ms
104.24.153.144,LAX,North America,Los Angeles,208 ms
104.20.40.180,LAX,North America,Los Angeles,208 ms
104.20.13.189,LAX,North America,Los Angeles,208 ms
104.31.16.202,LAX,North America,Los Angeles,208 ms
104.24.157.22,LAX,North America,Los Angeles,208 ms
104.20.172.171,LAX,North America,Los Angeles,208 ms
104.19.46.139,LAX,North America,Los Angeles,208 ms
104.18.51.196,LAX,North America,Los Angeles,208 ms
104.20.204.160,LAX,North America,Los Angeles,208 ms
104.21.116.109,LAX,North America,Los Angeles,208 ms
104.24.180.129,LAX,North America,Los Angeles,208 ms
104.20.191.242,LAX,North America,Los Angeles,208 ms
104.19.5.230,LAX,North America,Los Angeles,208 ms
104.24.7.51,LAX,North America,Los Angeles,208 ms
104.20.33.6,LAX,North America,Los Angeles,208 ms
104.23.114.144,LAX,North America,Los Angeles,208 ms
104.20.213.254,LAX,North America,Los Angeles,208 ms
104.16.95.75,SJC,North America,San Jose,208 ms
104.25.142.158,LAX,North America,Los Angeles,208 ms
104.20.202.10,LAX,North America,Los Angeles,208 ms
104.16.89.12,SJC,North America,San Jose,208 ms
104.24.64.43,LAX,North America,Los Angeles,208 ms
104.19.69.147,LAX,North America,Los Angeles,208 ms
104.19.85.93,LAX,North America,Los Angeles,208 ms
104.20.215.73,LAX,North America,Los Angeles,209 ms
104.20.100.10,LAX,North America,Los Angeles,209 ms
172.64.91.186,LAX,North America,Los Angeles,209 ms
104.19.44.164,LAX,North America,Los Angeles,209 ms
104.23.111.59,LAX,North America,Los Angeles,209 ms
104.22.8.82,LAX,North America,Los Angeles,209 ms
172.66.45.135,LAX,North America,Los Angeles,209 ms
104.24.6.174,LAX,North America,Los Angeles,209 ms
104.19.21.73,LAX,North America,Los Angeles,209 ms
104.24.222.180,LAX,North America,Los Angeles,209 ms
104.24.218.42,LAX,North America,Los Angeles,209 ms
104.20.206.137,LAX,North America,Los Angeles,209 ms
104.20.1.3,LAX,North America,Los Angeles,209 ms
104.21.203.9,LAX,North America,Los Angeles,209 ms
104.21.55.137,LAX,North America,Los Angeles,209 ms
104.18.49.39,LAX,North America,Los Angeles,209 ms
104.22.68.16,LAX,North America,Los Angeles,209 ms
104.24.132.10,LAX,North America,Los Angeles,209 ms
104.22.39.208,LAX,North America,Los Angeles,209 ms
104.20.119.15,LAX,North America,Los Angeles,209 ms
104.24.251.249,LAX,North America,Los Angeles,209 ms
104.19.26.38,LAX,North America,Los Angeles,210 ms
104.19.35.113,LAX,North America,Los Angeles,210 ms
104.22.64.152,LAX,North America,Los Angeles,210 ms
104.16.5.76,SJC,North America,San Jose,210 ms
104.20.110.21,LAX,North America,Los Angeles,210 ms
104.21.101.20,SJC,North America,San Jose,210 ms
104.18.37.189,LAX,North America,Los Angeles,210 ms
104.24.77.169,LAX,North America,Los Angeles,210 ms
104.19.197.199,LAX,North America,Los Angeles,210 ms
104.27.120.108,LAX,North America,Los Angeles,210 ms
104.19.132.78,LAX,North America,Los Angeles,210 ms
104.21.57.125,LAX,North America,Los Angeles,210 ms
104.20.185.192,LAX,North America,Los Angeles,210 ms
104.18.15.151,LAX,North America,Los Angeles,210 ms
104.22.14.88,LAX,North America,Los Angeles,210 ms
104.20.56.250,LAX,North America,Los Angeles,210 ms
104.24.160.53,LAX,North America,Los Angeles,210 ms
104.25.37.67,LAX,North America,Los Angeles,211 ms
104.19.126.53,LAX,North America,Los Angeles,211 ms
104.19.109.35,LAX,North America,Los Angeles,211 ms
104.19.199.189,LAX,North America,Los Angeles,211 ms
104.25.34.192,LAX,North America,Los Angeles,211 ms
104.24.94.187,LAX,North America,Los Angeles,211 ms
104.19.86.3,LAX,North America,Los Angeles,211 ms
104.21.76.218,LAX,North America,Los Angeles,211 ms
104.25.52.185,LAX,North America,Los Angeles,211 ms
172.67.85.154,LAX,North America,Los Angeles,211 ms
104.24.173.76,LAX,North America,Los Angeles,211 ms
104.19.94.78,LAX,North America,Los Angeles,211 ms
104.18.14.229,LAX,North America,Los Angeles,211 ms
104.18.22.140,LAX,North America,Los Angeles,211 ms
104.24.228.166,LAX,North America,Los Angeles,211 ms
104.24.4.162,LAX,North America,Los Angeles,211 ms
104.24.3.117,LAX,North America,Los Angeles,211 ms
104.24.5.231,LAX,North America,Los Angeles,211 ms
104.19.29.70,LAX,North America,Los Angeles,211 ms
104.24.9.247,LAX,North America,Los Angeles,212 ms
104.20.96.244,LAX,North America,Los Angeles,212 ms
104.19.196.8,LAX,North America,Los Angeles,212 ms
104.19.12.179,LAX,North America,Los Angeles,212 ms
104.25.144.165,LAX,North America,Los Angeles,212 ms
104.24.225.127,LAX,North America,Los Angeles,212 ms
104.25.35.86,LAX,North America,Los Angeles,212 ms
104.19.128.60,LAX,North America,Los Angeles,212 ms
104.24.12.209,LAX,North America,Los Angeles,212 ms
104.20.66.69,LAX,North America,Los Angeles,212 ms
104.22.38.105,LAX,North America,Los Angeles,212 ms
104.21.114.59,LAX,North America,Los Angeles,212 ms
104.20.135.29,LAX,North America,Los Angeles,212 ms
162.159.249.210,LAX,North America,Los Angeles,212 ms
104.18.6.245,LAX,North America,Los Angeles,212 ms
104.24.2.61,LAX,North America,Los Angeles,212 ms
104.19.127.23,LAX,North America,Los Angeles,212 ms
104.25.74.230,LAX,North America,Los Angeles,213 ms
104.19.106.60,LAX,North America,Los Angeles,213 ms
104.19.15.57,LAX,North America,Los Angeles,213 ms
104.19.77.184,LAX,North America,Los Angeles,213 ms
104.20.84.65,LAX,North America,Los Angeles,213 ms
104.22.16.245,LAX,North America,Los Angeles,213 ms
104.20.225.158,LAX,North America,Los Angeles,213 ms
104.24.1.135,LAX,North America,Los Angeles,213 ms
104.20.73.197,LAX,North America,Los Angeles,213 ms
104.22.54.166,LAX,North America,Los Angeles,213 ms
104.21.121.249,LAX,North America,Los Angeles,213 ms
104.19.7.139,LAX,North America,Los Angeles,213 ms
104.24.74.106,LAX,North America,Los Angeles,213 ms
162.159.62.177,LAX,North America,Los Angeles,214 ms
104.24.41.173,LAX,North America,Los Angeles,214 ms
104.20.190.149,LAX,North America,Los Angeles,214 ms
104.25.61.195,LAX,North America,Los Angeles,214 ms
104.22.63.106,LAX,North America,Los Angeles,214 ms
104.24.214.98,LAX,North America,Los Angeles,214 ms
104.18.53.119,LAX,North America,Los Angeles,214 ms
104.19.2.152,LAX,North America,Los Angeles,214 ms
104.19.87.139,LAX,North America,Los Angeles,215 ms
104.20.103.46,LAX,North America,Los Angeles,215 ms
104.24.55.140,LAX,North America,Los Angeles,215 ms
104.24.56.89,LAX,North America,Los Angeles,215 ms
104.18.42.13,LAX,North America,Los Angeles,215 ms
104.18.20.160,LAX,North America,Los Angeles,215 ms
104.24.140.126,LAX,North America,Los Angeles,215 ms
104.22.72.169,LAX,North America,Los Angeles,215 ms
104.22.6.41,LAX,North America,Los Angeles,215 ms
104.21.125.138,LAX,North America,Los Angeles,215 ms
104.23.103.0,LAX,North America,Los Angeles,216 ms
104.23.121.212,LAX,North America,Los Angeles,216 ms
104.19.248.247,SJC,North America,San Jose,216 ms
104.22.37.234,LAX,North America,Los Angeles,216 ms
104.24.79.59,LAX,North America,Los Angeles,216 ms
104.20.44.82,LAX,North America,Los Angeles,216 ms
104.25.30.64,LAX,North America,Los Angeles,216 ms
104.19.115.56,LAX,North America,Los Angeles,216 ms
104.20.98.241,LAX,North America,Los Angeles,217 ms
104.24.208.252,LAX,North America,Los Angeles,217 ms
104.21.204.136,LAX,North America,Los Angeles,218 ms
104.21.77.208,LAX,North America,Los Angeles,220 ms
104.19.201.24,LAX,North America,Los Angeles,220 ms
104.24.51.130,LAX,North America,Los Angeles,221 ms
104.24.40.42,LAX,North America,Los Angeles,221 ms
104.24.52.59,LAX,North America,Los Angeles,221 ms
104.24.54.180,LAX,North America,Los Angeles,222 ms
104.16.9.125,SJC,North America,San Jose,222 ms
104.16.12.139,SJC,North America,San Jose,222 ms
104.16.2.181,SJC,North America,San Jose,222 ms
104.16.3.192,SJC,North America,San Jose,222 ms
104.21.75.37,SLC,North America,Salt Lake City,223 ms
172.67.128.232,LAX,North America,Los Angeles,223 ms
104.21.213.2,LAX,North America,Los Angeles,224 ms
104.21.119.48,LAX,North America,Los Angeles,224 ms
104.24.185.85,LAX,North America,Los Angeles,224 ms
104.21.78.10,LAX,North America,Los Angeles,224 ms
104.20.75.82,LAX,North America,Los Angeles,226 ms
104.24.18.153,LAX,North America,Los Angeles,226 ms
104.16.105.90,LAX,North America,Los Angeles,227 ms
104.21.62.125,LAX,North America,Los Angeles,227 ms
104.21.103.175,LAX,North America,Los Angeles,228 ms
104.26.6.75,HKG,Asia Pacific,Hong Kong,230 ms
104.24.17.17,LAX,North America,Los Angeles,230 ms
104.19.249.130,SJC,North America,San Jose,231 ms
104.24.16.203,LAX,North America,Los Angeles,231 ms
104.19.207.217,LAX,North America,Los Angeles,232 ms
104.21.197.28,SJC,North America,San Jose,232 ms
104.21.196.160,LAX,North America,Los Angeles,232 ms
104.21.100.6,LAX,North America,Los Angeles,233 ms
104.16.51.60,LAX,North America,Los Angeles,234 ms
104.24.138.166,LAX,North America,Los Angeles,236 ms
23.227.39.142,LAX,North America,Los Angeles,236 ms
172.67.178.50,LAX,North America,Los Angeles,236 ms
104.24.47.161,LAX,North America,Los Angeles,237 ms
104.24.49.28,LAX,North America,Los Angeles,237 ms
104.17.147.18,LAX,North America,Los Angeles,237 ms
1.0.0.225,LAX,North America,Los Angeles,239 ms
104.24.48.4,LAX,North America,Los Angeles,241 ms
23.227.38.2,LAX,North America,Los Angeles,242 ms
104.21.117.41,LAX,North America,Los Angeles,243 ms
104.19.204.107,LAX,North America,Los Angeles,244 ms
104.27.66.86,LAX,North America,Los Angeles,250 ms
104.21.44.65,PDX,North America,Portland,253 ms
104.21.16.135,PDX,North America,Portland,257 ms
104.27.202.91,PDX,North America,Portland,259 ms
104.21.209.211,PDX,North America,Portland,260 ms
104.21.212.66,PDX,North America,Portland,260 ms
104.27.63.80,LAX,North America,Los Angeles,264 ms
104.21.88.169,PDX,North America,Portland,264 ms
172.67.225.239,PDX,North America,Portland,265 ms
104.21.112.218,PDX,North America,Portland,265 ms
104.23.143.229,PDX,North America,Portland,266 ms
172.67.194.80,PDX,North America,Portland,267 ms
172.67.195.220,PDX,North America,Portland,267 ms
104.21.51.248,PDX,North America,Portland,268 ms
104.24.134.148,LAX,North America,Los Angeles,268 ms
104.21.10.37,PDX,North America,Portland,268 ms
104.27.201.169,PDX,North America,Portland,268 ms
172.67.226.171,PDX,North America,Portland,268 ms
104.27.196.165,PDX,North America,Portland,268 ms
104.25.249.248,LAX,North America,Los Angeles,268 ms
104.21.106.64,PDX,North America,Portland,270 ms
104.23.137.204,PDX,North America,Portland,271 ms
104.21.46.227,PDX,North America,Portland,271 ms
104.21.200.121,PDX,North America,Portland,272 ms
104.21.43.21,PDX,North America,Portland,274 ms
162.159.8.155,LAX,North America,Los Angeles,274 ms
104.21.1.197,LAX,North America,Los Angeles,274 ms
104.21.207.88,PDX,North America,Portland,276 ms
104.23.140.233,PDX,North America,Portland,282 ms
172.67.200.153,PDX,North America,Portland,282 ms
104.21.108.200,PDX,North America,Portland,285 ms
104.21.120.207,PDX,North America,Portland,286 ms
104.21.64.67,LAX,North America,Los Angeles,286 ms
104.21.124.105,LAX,North America,Los Angeles,289 ms
104.27.203.138,PDX,North America,Portland,290 ms
104.21.41.54,PDX,North America,Portland,290 ms
172.67.140.170,LAX,North America,Los Angeles,292 ms
104.21.109.206,PDX,North America,Portland,293 ms
104.21.105.199,PDX,North America,Portland,294 ms
104.27.58.153,LAX,North America,Los Angeles,296 ms
104.21.65.8,PDX,North America,Portland,298 ms
104.25.242.131,LAX,North America,Los Angeles,299 ms
104.21.48.72,PDX,North America,Portland,302 ms
104.21.97.143,PDX,North America,Portland,304 ms
104.21.63.148,PDX,North America,Portland,304 ms
172.67.133.22,PDX,North America,Portland,304 ms
104.21.11.11,PDX,North America,Portland,305 ms
104.21.199.194,PDX,North America,Portland,305 ms
104.21.6.63,PDX,North America,Portland,306 ms
104.21.18.104,PDX,North America,Portland,306 ms
104.21.47.232,PDX,North America,Portland,307 ms
104.21.214.96,LAX,North America,Los Angeles,307 ms
104.21.216.192,PDX,North America,Portland,310 ms
104.21.217.66,PDX,North America,Portland,311 ms
104.21.61.15,PDX,North America,Portland,312 ms
104.21.74.244,LAX,North America,Los Angeles,317 ms
104.21.66.244,PDX,North America,Portland,319 ms
104.21.123.120,PDX,North America,Portland,321 ms
104.21.194.204,PDX,North America,Portland,324 ms
104.21.36.59,LAX,North America,Los Angeles,327 ms
104.21.206.66,LAX,North America,Los Angeles,336 ms
172.67.190.229,LAX,North America,Los Angeles,340 ms
104.21.25.35,LAX,North America,Los Angeles,342 ms
104.21.195.93,PDX,North America,Portland,348 ms
104.21.84.49,LAX,North America,Los Angeles,383 ms
104.21.86.210,LAX,North America,Los Angeles,414 ms
104.18.57.253,LAX,North America,Los Angeles,425 ms
104.23.135.85,LAX,North America,Los Angeles,427 ms
104.21.110.211,LAX,North America,Los Angeles,431 ms
104.21.54.62,LAX,North America,Los Angeles,432 ms
104.18.59.106,LAX,North America,Los Angeles,437 ms
104.21.210.175,LAX,North America,Los Angeles,438 ms
104.18.63.243,LAX,North America,Los Angeles,443 ms
104.18.50.114,LAX,North America,Los Angeles,446 ms
104.21.192.49,LAX,North America,Los Angeles,460 ms
104.19.129.168,LAX,North America,Los Angeles,462 ms
104.19.131.64,LAX,North America,Los Angeles,468 ms
